FCID,Lane,SampleID,SampleRef,index,Description,Control,Recipe,Operator,SampleProject
639P5AAXX,1,1_CAGATC,sacCer2,CAGATC,lane 1 flowcell 639P5AAXX,N,see lims,see lims,639P5AAXX
639P5AAXX,1,1_ACTTGA,sacCer2,ACTTGA,lane 1 flowcell 639P5AAXX,N,see lims,see lims,639P5AAXX
639P5AAXX,1,1_GATCAG,sacCer2,GATCAG,lane 1 flowcell 639P5AAXX,N,see lims,see lims,639P5AAXX
639P5AAXX,1,1_TAGCTT,sacCer2,TAGCTT,lane 1 flowcell 639P5AAXX,N,see lims,see lims,639P5AAXX
639P5AAXX,1,1_GGCTAC,sacCer2,GGCTAC,lane 1 flowcell 639P5AAXX,N,see lims,see lims,639P5AAXX
639P5AAXX,1,1_CTTGTA,sacCer2,CTTGTA,lane 1 flowcell 639P5AAXX,N,see lims,see lims,639P5AAXX
639P5AAXX,2,2_CAGATC,sacCer2,CAGATC,lane 2 flowcell 639P5AAXX,N,see lims,see lims,639P5AAXX
639P5AAXX,2,2_ACTTGA,sacCer2,ACTTGA,lane 2 flowcell 639P5AAXX,N,see lims,see lims,639P5AAXX
639P5AAXX,2,2_GATCAG,sacCer2,GATCAG,lane 2 flowcell 639P5AAXX,N,see lims,see lims,639P5AAXX
639P5AAXX,2,2_TAGCTT,sacCer2,TAGCTT,lane 2 flowcell 639P5AAXX,N,see lims,see lims,639P5AAXX
639P5AAXX,2,2_GGCTAC,sacCer2,GGCTAC,lane 2 flowcell 639P5AAXX,N,see lims,see lims,639P5AAXX
639P5AAXX,2,2_CTTGTA,sacCer2,CTTGTA,lane 2 flowcell 639P5AAXX,N,see lims,see lims,639P5AAXX
639P5AAXX,3,3_ATCACG,sacCer2,ATCACG,lane 3 flowcell 639P5AAXX,N,see lims,see lims,639P5AAXX
639P5AAXX,3,3_CGATGT,sacCer2,CGATGT,lane 3 flowcell 639P5AAXX,N,see lims,see lims,639P5AAXX
639P5AAXX,3,3_TTAGGC,sacCer2,TTAGGC,lane 3 flowcell 639P5AAXX,N,see lims,see lims,639P5AAXX
639P5AAXX,3,3_TGACCA,sacCer2,TGACCA,lane 3 flowcell 639P5AAXX,N,see lims,see lims,639P5AAXX
639P5AAXX,3,3_ACAGTG,sacCer2,ACAGTG,lane 3 flowcell 639P5AAXX,N,see lims,see lims,639P5AAXX
639P5AAXX,3,3_GCCAAT,sacCer2,GCCAAT,lane 3 flowcell 639P5AAXX,N,see lims,see lims,639P5AAXX
639P5AAXX,4,4_ATCACG,sacCer2,ATCACG,lane 4 flowcell 639P5AAXX,N,see lims,see lims,639P5AAXX
639P5AAXX,4,4_CGATGT,sacCer2,CGATGT,lane 4 flowcell 639P5AAXX,N,see lims,see lims,639P5AAXX
639P5AAXX,4,4_TTAGGC,sacCer2,TTAGGC,lane 4 flowcell 639P5AAXX,N,see lims,see lims,639P5AAXX
639P5AAXX,4,4_TGACCA,sacCer2,TGACCA,lane 4 flowcell 639P5AAXX,N,see lims,see lims,639P5AAXX
639P5AAXX,4,4_ACAGTG,sacCer2,ACAGTG,lane 4 flowcell 639P5AAXX,N,see lims,see lims,639P5AAXX
639P5AAXX,4,4_GCCAAT,sacCer2,GCCAAT,lane 4 flowcell 639P5AAXX,N,see lims,see lims,639P5AAXX
639P5AAXX,5,5_CAGATC,sacCer2,CAGATC,lane 5 flowcell 639P5AAXX,N,see lims,see lims,639P5AAXX
639P5AAXX,5,5_ACTTGA,sacCer2,ACTTGA,lane 5 flowcell 639P5AAXX,N,see lims,see lims,639P5AAXX
639P5AAXX,5,5_GATCAG,sacCer2,GATCAG,lane 5 flowcell 639P5AAXX,N,see lims,see lims,639P5AAXX
639P5AAXX,5,5_TAGCTT,sacCer2,TAGCTT,lane 5 flowcell 639P5AAXX,N,see lims,see lims,639P5AAXX
639P5AAXX,5,5_GGCTAC,sacCer2,GGCTAC,lane 5 flowcell 639P5AAXX,N,see lims,see lims,639P5AAXX
639P5AAXX,5,5_CTTGTA,sacCer2,CTTGTA,lane 5 flowcell 639P5AAXX,N,see lims,see lims,639P5AAXX
639P5AAXX,6,6_CAGATC,sacCer2,CAGATC,lane 6 flowcell 639P5AAXX,N,see lims,see lims,639P5AAXX
639P5AAXX,6,6_ACTTGA,sacCer2,ACTTGA,lane 6 flowcell 639P5AAXX,N,see lims,see lims,639P5AAXX
639P5AAXX,6,6_GATCAG,sacCer2,GATCAG,lane 6 flowcell 639P5AAXX,N,see lims,see lims,639P5AAXX
639P5AAXX,6,6_TAGCTT,sacCer2,TAGCTT,lane 6 flowcell 639P5AAXX,N,see lims,see lims,639P5AAXX
639P5AAXX,6,6_GGCTAC,sacCer2,GGCTAC,lane 6 flowcell 639P5AAXX,N,see lims,see lims,639P5AAXX
639P5AAXX,6,6_CTTGTA,sacCer2,CTTGTA,lane 6 flowcell 639P5AAXX,N,see lims,see lims,639P5AAXX
639P5AAXX,7,7,mm9,,lane 7 flowcell 639P5AAXX,N,see lims,see lims,639P5AAXX
639P5AAXX,8,8,phiX,,lane 8 flowcell 639P5AAXX,Y,see lims,see lims,639P5AAXX
